"DESCRIPTION","DURATION IN MS","NAME","PARENT SUITE","START TIME","STATUS","STOP TIME","SUB SUITE","SUITE","TEST CLASS","TEST METHOD"
"","1","Verify Entitlements Page","chromium","2026-06-01","skipped","2026-06-01","Leave Module Tests","leave\leave.spec.js","",""
"","12103","Verify Dashboard Loads API Data","chromium","2026-06-01","passed","2026-06-01","API Mocking Tests","api\api.spec.js","",""
"","12347","Verify User Role Dropdown Visible","firefox","2026-06-01","passed","2026-06-01","Admin Module Tests","admin\admin.spec.js","",""
"","12639","@regression Invalid Password","chromium","2026-06-01","passed","2026-06-01","Authentication Tests","auth\login.spec.js","",""
"","10723","Verify Leave List Menu Visible","firefox","2026-06-01","passed","2026-06-01","Leave Module Tests","leave\leave.spec.js","",""
"","9425","Verify Time At Work Widget Visible","webkit","2026-06-01","passed","2026-06-01","Dashboard Module Tests","dashboard\dashboard.spec.js","",""
"","6866","Verify Username Field Visible","chromium","2026-06-01","passed","2026-06-01","Admin Module Tests","admin\admin.spec.js","",""
"","15768","Verify Search Form Visible","chromium","2026-06-01","passed","2026-06-01","Admin Module Tests","admin\admin.spec.js","",""
"","7960","@sanity Login Button Visible","webkit","2026-06-01","passed","2026-06-01","Authentication Tests","auth\login.spec.js","",""
"","921","get started link","chromium","2026-05-24","passed","2026-05-24","","example.spec.js","",""
"","4906","@sanity OrangeHRM Logo Visible","webkit","2026-06-01","passed","2026-06-01","Authentication Tests","auth\login.spec.js","",""
"","7091","Verify Assign Leave Page","chromium","2026-06-01","passed","2026-06-01","Leave Module Tests","leave\leave.spec.js","",""
"","16464","Verify Cancel Button Visible","firefox","2026-06-01","passed","2026-06-01","PIM Module Tests","pim\pim.spec.js","",""
"","7290","Invalid Login","chromium","2026-05-24","passed","2026-05-24","OrangeHRM Login Tests","auth\login.spec.js","",""
"","4936","@regression Empty Credentials","webkit","2026-06-01","passed","2026-06-01","Authentication Tests","auth\login.spec.js","",""
"","2195","has title","firefox","2026-05-24","passed","2026-05-24","","example.spec.js","",""
"","7787","@regression Password With Spaces","webkit","2026-06-01","passed","2026-06-01","Authentication Tests","auth\login.spec.js","",""
"","0","Add New Employee","chromium","2026-06-01","skipped","2026-06-01","PIM Module Tests","pim\pim.spec.js","",""
"","6328","@sanity Password Mask Validation","chromium","2026-06-01","passed","2026-06-01","Authentication Tests","auth\login.spec.js","",""
"","1420","has title","webkit","2026-05-24","passed","2026-05-24","","example.spec.js","",""
"","8177","Verify Save Button Enabled","firefox","2026-06-01","passed","2026-06-01","My Info Module Tests","myinfo\myinfo.spec.js","",""
"","8077","Verify Last Name Field Visible","chromium","2026-06-01","passed","2026-06-01","My Info Module Tests","myinfo\myinfo.spec.js","",""
"","13874","Verify Records Table Visible","firefox","2026-06-01","passed","2026-06-01","Admin Module Tests","admin\admin.spec.js","",""
"","0","Verify My Leave Page","chromium","2026-06-01","skipped","2026-06-01","Leave Module Tests","leave\leave.spec.js","",""
"","8493","Validate Employee Table Count","firefox","2026-06-01","passed","2026-06-01","PIM Module Tests","pim\pim.spec.js","",""
"","6295","Leave Menu Visible","webkit","2026-06-01","passed","2026-06-01","Navigation Tests","navigation\navigation.spec.js","",""
"","15017","Verify First Name Enabled","firefox","2026-06-01","passed","2026-06-01","My Info Module Tests","myinfo\myinfo.spec.js","",""
"","9951","Upload Employee Profile Image","webkit","2026-06-01","passed","2026-06-01","PIM Module Tests","pim\pim.spec.js","",""
"","8489","Verify Reset Button Visible","chromium","2026-06-01","passed","2026-06-01","Recruitment Module Tests","recruitment\recruitment.spec.js","",""
"","23906","Intercept PIM Employee API","firefox","2026-06-01","passed","2026-06-01","API Mocking Tests","api\api.spec.js","",""
"","8991","Verify Quick Launch Widget Exists","chromium","2026-06-01","passed","2026-06-01","Dashboard Module Tests","dashboard\dashboard.spec.js","",""
"","8011","My Info Menu Visible","chromium","2026-06-01","passed","2026-06-01","Navigation Tests","navigation\navigation.spec.js","",""
"","9267","Delete Employee","webkit","2026-06-01","passed","2026-06-01","PIM Module Tests","pim\pim.spec.js","",""
"","6207","Verify Dashboard Menu Visible","firefox","2026-06-01","passed","2026-06-01","Dashboard Module Tests","dashboard\dashboard.spec.js","",""
"","10047","Dashboard Menu Visible","webkit","2026-06-01","passed","2026-06-01","Navigation Tests","navigation\navigation.spec.js","",""
"","4858","@sanity Username Field Visible","chromium","2026-06-01","passed","2026-06-01","Authentication Tests","auth\login.spec.js","",""
"","17575","Verify Assign Leave Menu Visible","firefox","2026-06-01","passed","2026-06-01","Leave Module Tests","leave\leave.spec.js","",""
"","10206","Verify Assign Leave Menu Visible","webkit","2026-06-01","passed","2026-06-01","Leave Module Tests","leave\leave.spec.js","",""
"","7705","Verify Vacancies Tab Visible","chromium","2026-06-01","passed","2026-06-01","Recruitment Module Tests","recruitment\recruitment.spec.js","",""
"","8283","Verify Dashboard Header Visible","firefox","2026-06-01","passed","2026-06-01","Dashboard Module Tests","dashboard\dashboard.spec.js","",""
"","9246","Verify PIM Page Load","chromium","2026-06-01","passed","2026-06-01","PIM Module Tests","pim\pim.spec.js","",""
"","16828","Delete Employee","firefox","2026-06-01","passed","2026-06-01","PIM Module Tests","pim\pim.spec.js","",""
"","15652","Verify Username Field Visible","firefox","2026-06-01","passed","2026-06-01","Admin Module Tests","admin\admin.spec.js","",""
"","9225","Verify Cancel Button Visible","webkit","2026-06-01","passed","2026-06-01","Admin Module Tests","admin\admin.spec.js","",""
"","8039","Verify Save Button Visible","firefox","2026-06-01","passed","2026-06-01","My Info Module Tests","myinfo\myinfo.spec.js","",""
"","9689","Upload Employee Profile Image","firefox","2026-06-01","passed","2026-06-01","PIM Module Tests","pim\pim.spec.js","",""
"","8340","Verify Last Name Field Visible","webkit","2026-06-01","passed","2026-06-01","My Info Module Tests","myinfo\myinfo.spec.js","",""
"","9268","Verify Cancel Button Visible","webkit","2026-06-01","passed","2026-06-01","PIM Module Tests","pim\pim.spec.js","",""
"","7777","Verify Vacancies Page","chromium","2026-06-01","passed","2026-06-01","Recruitment Module Tests","recruitment\recruitment.spec.js","",""
"","9849","Edit Employee Details","webkit","2026-06-01","passed","2026-06-01","PIM Module Tests","pim\pim.spec.js","",""
"","11628","Verify Add Employee Page Loaded","webkit","2026-06-01","passed","2026-06-01","PIM Module Tests","pim\pim.spec.js","",""
"","5538","@regression Invalid Username","webkit","2026-06-01","passed","2026-06-01","Authentication Tests","auth\login.spec.js","",""
"","8401","Verify Recruitment Menu Visible","webkit","2026-06-01","passed","2026-06-01","Recruitment Module Tests","recruitment\recruitment.spec.js","",""
"","8582","@sanity Password Field Visible","webkit","2026-06-01","passed","2026-06-01","Authentication Tests","auth\login.spec.js","",""
"","6221","@regression Invalid Password","webkit","2026-06-01","passed","2026-06-01","Authentication Tests","auth\login.spec.js","",""
"","7388","Verify My Actions Widget Exists","firefox","2026-06-01","passed","2026-06-01","Dashboard Module Tests","dashboard\dashboard.spec.js","",""
"","5467","Leave Menu Visible","chromium","2026-06-01","passed","2026-06-01","Navigation Tests","navigation\navigation.spec.js","",""
"","7891","Verify Search Button Visible","firefox","2026-06-01","passed","2026-06-01","PIM Module Tests","pim\pim.spec.js","",""
"","12491","Verify Reset Button Enabled","webkit","2026-06-01","passed","2026-06-01","Recruitment Module Tests","recruitment\recruitment.spec.js","",""
"","8489","Verify Leave Page Loaded","firefox","2026-06-01","passed","2026-06-01","Leave Module Tests","leave\leave.spec.js","",""
"","7377","Leave Page Visual Validation","chromium","2026-06-01","passed","2026-06-01","Visual Regression Tests","visual\dashboardVisual.spec.js","",""
"","7852","Verify Employee Distribution Widget Visible","chromium","2026-06-01","passed","2026-06-01","Dashboard Module Tests","dashboard\dashboard.spec.js","",""
"","15366","Verify User Role Dropdown Visible","chromium","2026-06-01","passed","2026-06-01","Admin Module Tests","admin\admin.spec.js","",""
"","15177","Cancel Add Employee","chromium","2026-06-01","passed","2026-06-01","PIM Module Tests","pim\pim.spec.js","",""
"","7553","Verify Last Name Field Visible","firefox","2026-06-01","passed","2026-06-01","My Info Module Tests","myinfo\myinfo.spec.js","",""
"","7011","Verify Buzz Widget Visible","chromium","2026-06-01","passed","2026-06-01","Dashboard Module Tests","dashboard\dashboard.spec.js","",""
"","8325","Search Invalid Employee","webkit","2026-06-01","passed","2026-06-01","PIM Module Tests","pim\pim.spec.js","",""
"","10106","Cancel Add Employee","webkit","2026-06-01","passed","2026-06-01","PIM Module Tests","pim\pim.spec.js","",""
"","7087","Verify Middle Name Field Visible","chromium","2026-06-01","passed","2026-06-01","My Info Module Tests","myinfo\myinfo.spec.js","",""
"","6540","Verify Quick Launch Widget Exists","webkit","2026-06-01","passed","2026-06-01","Dashboard Module Tests","dashboard\dashboard.spec.js","",""
"","12289","Verify Search Button Visible","webkit","2026-06-01","passed","2026-06-01","Leave Module Tests","leave\leave.spec.js","",""
"","12437","Verify Assign Leave Page","webkit","2026-06-01","passed","2026-06-01","Leave Module Tests","leave\leave.spec.js","",""
"","13619","@sanity OrangeHRM Logo Visible","chromium","2026-06-01","passed","2026-06-01","Authentication Tests","auth\login.spec.js","",""
"","11468","Verify Last Name Enabled","webkit","2026-06-01","passed","2026-06-01","My Info Module Tests","myinfo\myinfo.spec.js","",""
"","11200","@regression Empty Username","chromium","2026-06-01","passed","2026-06-01","Authentication Tests","auth\login.spec.js","",""
"","8117","Verify Add Button Enabled","webkit","2026-06-01","passed","2026-06-01","Admin Module Tests","admin\admin.spec.js","",""
"","9946","Verify Search Button Visible","chromium","2026-06-01","passed","2026-06-01","Admin Module Tests","admin\admin.spec.js","",""
"","7894","Verify Add Button Enabled","chromium","2026-06-01","passed","2026-06-01","Recruitment Module Tests","recruitment\recruitment.spec.js","",""
"","9160","Verify Save Button Enabled","webkit","2026-06-01","passed","2026-06-01","My Info Module Tests","myinfo\myinfo.spec.js","",""
"","9910","Verify Search Button Enabled","webkit","2026-06-01","passed","2026-06-01","Recruitment Module Tests","recruitment\recruitment.spec.js","",""
"","300","PIM Page Visual Validation","webkit","2026-06-01","skipped","2026-06-01","Visual Regression Tests","visual\dashboardVisual.spec.js","",""
"","7950","Verify Recruitment Menu Visible","chromium","2026-06-01","passed","2026-06-01","Recruitment Module Tests","recruitment\recruitment.spec.js","",""
"","15240","Mock Employee API Response","webkit","2026-05-24","passed","2026-05-24","API Mocking Tests","api\apiMock.spec.js","",""
"","7936","Validate Employee Table Count","chromium","2026-06-01","passed","2026-06-01","PIM Module Tests","pim\pim.spec.js","",""
"","11445","Verify Employee ID Visible","firefox","2026-06-01","passed","2026-06-01","PIM Module Tests","pim\pim.spec.js","",""
"","5753","Verify Employee Distribution Widget Visible","firefox","2026-06-01","passed","2026-06-01","Dashboard Module Tests","dashboard\dashboard.spec.js","",""
"","307","Leave Page Visual Validation","firefox","2026-06-01","skipped","2026-06-01","Visual Regression Tests","visual\dashboardVisual.spec.js","",""
"","16032","Verify Reset Button Enabled","chromium","2026-06-01","passed","2026-06-01","Recruitment Module Tests","recruitment\recruitment.spec.js","",""
"","8244","Verify Employee List Page Loads","chromium","2026-06-01","passed","2026-06-01","PIM Module Tests","pim\pim.spec.js","",""
"","8510","Verify Save Button Visible","webkit","2026-06-01","passed","2026-06-01","My Info Module Tests","myinfo\myinfo.spec.js","",""
"","8332","Verify Dashboard Header Visible","chromium","2026-06-01","passed","2026-06-01","Dashboard Module Tests","dashboard\dashboard.spec.js","",""
"","9268","Verify Add Button Visible","webkit","2026-06-01","passed","2026-06-01","Admin Module Tests","admin\admin.spec.js","",""
"","12454","Verify Dashboard Loads API Data","webkit","2026-06-01","passed","2026-06-01","API Mocking Tests","api\api.spec.js","",""
"","8553","Verify Vacancies Page","firefox","2026-06-01","passed","2026-06-01","Recruitment Module Tests","recruitment\recruitment.spec.js","",""
"","9327","Verify Employee List Page Loads","firefox","2026-06-01","passed","2026-06-01","PIM Module Tests","pim\pim.spec.js","",""
"","11602","Verify Apply Leave Page","webkit","2026-06-01","passed","2026-06-01","Leave Module Tests","leave\leave.spec.js","",""
"","7180","Verify Search Button Visible","webkit","2026-06-01","passed","2026-06-01","PIM Module Tests","pim\pim.spec.js","",""
"","8057","Verify Last Name Enabled","firefox","2026-06-01","passed","2026-06-01","My Info Module Tests","myinfo\myinfo.spec.js","",""
"","9675","Verify Add Employee Page Loaded","firefox","2026-06-01","passed","2026-06-01","PIM Module Tests","pim\pim.spec.js","",""
"","5265","Verify Buzz Widget Exists","firefox","2026-06-01","passed","2026-06-01","Dashboard Module Tests","dashboard\dashboard.spec.js","",""
"","8060","Verify Reset Button Visible","firefox","2026-06-01","passed","2026-06-01","Recruitment Module Tests","recruitment\recruitment.spec.js","",""
"","10296","Verify Search Button Visible","firefox","2026-06-01","passed","2026-06-01","Recruitment Module Tests","recruitment\recruitment.spec.js","",""
"","8751","Verify Dashboard Loaded","firefox","2026-06-01","passed","2026-06-01","Dashboard Module Tests","dashboard\dashboard.spec.js","",""
"","7820","Verify Employee ID Visible","chromium","2026-06-01","passed","2026-06-01","PIM Module Tests","pim\pim.spec.js","",""
"","5930","@regression Password With Spaces","chromium","2026-06-01","passed","2026-06-01","Authentication Tests","auth\login.spec.js","",""
"","10748","Verify PIM Page Load","webkit","2026-06-01","passed","2026-06-01","PIM Module Tests","pim\pim.spec.js","",""
"","0","Verify My Leave Page","webkit","2026-06-01","skipped","2026-06-01","Leave Module Tests","leave\leave.spec.js","",""
"","8937","Verify My Info Page Loaded","webkit","2026-06-01","passed","2026-06-01","My Info Module Tests","myinfo\myinfo.spec.js","",""
"","5529","Verify Leave Menu Enabled","chromium","2026-06-01","passed","2026-06-01","Leave Module Tests","leave\leave.spec.js","",""
"","16447","Verify Employee API Request Sent","chromium","2026-06-01","passed","2026-06-01","API Mocking Tests","api\api.spec.js","",""
"","14377","Verify Reset Button Visible","firefox","2026-06-01","passed","2026-06-01","Admin Module Tests","admin\admin.spec.js","",""
"","1359","has title","chromium","2026-05-24","passed","2026-05-24","","example.spec.js","",""
"","6656","Verify My Info Page Loaded","chromium","2026-06-01","passed","2026-06-01","My Info Module Tests","myinfo\myinfo.spec.js","",""
"","8739","Verify Dashboard Loads API Data","firefox","2026-06-01","passed","2026-06-01","API Mocking Tests","api\api.spec.js","",""
"","9986","Verify Employee API Request Sent","webkit","2026-06-01","passed","2026-06-01","API Mocking Tests","api\api.spec.js","",""
"","19381","Search Employee In Table","firefox","2026-06-01","passed","2026-06-01","PIM Module Tests","pim\pim.spec.js","",""
"","13259","Verify Add Button Visible","webkit","2026-06-01","passed","2026-06-01","Recruitment Module Tests","recruitment\recruitment.spec.js","",""
"","4473","@sanity OrangeHRM Logo Visible","firefox","2026-06-01","passed","2026-06-01","Authentication Tests","auth\login.spec.js","",""
"","8978","Verify Employee List Page Loads","webkit","2026-06-01","passed","2026-06-01","PIM Module Tests","pim\pim.spec.js","",""
"","9126","Verify First Name Field Visible","firefox","2026-06-01","passed","2026-06-01","My Info Module Tests","myinfo\myinfo.spec.js","",""
"","13146","Verify Apply Menu Visible","firefox","2026-06-01","passed","2026-06-01","Leave Module Tests","leave\leave.spec.js","",""
"","8564","Search Empty Employee","webkit","2026-06-01","passed","2026-06-01","PIM Module Tests","pim\pim.spec.js","",""
"","9157","Verify Table Visible","webkit","2026-06-01","passed","2026-06-01","Recruitment Module Tests","recruitment\recruitment.spec.js","",""
"","16261","Verify Admin Page Loaded","webkit","2026-06-01","passed","2026-06-01","Admin Module Tests","admin\admin.spec.js","",""
"","9564","Verify Apply Menu Visible","webkit","2026-06-01","passed","2026-06-01","Leave Module Tests","leave\leave.spec.js","",""
"","428","Verify API Returns Status 200","webkit","2026-05-30","failed","2026-05-30","API Mocking Tests","api\api.spec.js","",""
"","282","Dashboard Visual Validation","webkit","2026-06-01","skipped","2026-06-01","Visual Regression Tests","visual\dashboardVisual.spec.js","",""
"","16244","Verify Add Button Enabled","chromium","2026-06-01","passed","2026-06-01","Admin Module Tests","admin\admin.spec.js","",""
"","20546","Mock Dashboard Widget API","chromium","2026-06-01","passed","2026-06-01","API Mocking Tests","api\api.spec.js","",""
"","7606","Verify Dashboard Menu Visible","chromium","2026-06-01","passed","2026-06-01","Dashboard Module Tests","dashboard\dashboard.spec.js","",""
"","7533","Verify Add Button Visible","firefox","2026-06-01","passed","2026-06-01","Admin Module Tests","admin\admin.spec.js","",""
"","7593","Verify Search Button Visible","chromium","2026-06-01","passed","2026-06-01","PIM Module Tests","pim\pim.spec.js","",""
"","9110","Verify Reset Button Visible","webkit","2026-06-01","passed","2026-06-01","Leave Module Tests","leave\leave.spec.js","",""
"","19043","@sanity Password Mask Validation","firefox","2026-06-01","passed","2026-06-01","Authentication Tests","auth\login.spec.js","",""
"","7692","Verify Search Button Enabled","webkit","2026-06-01","passed","2026-06-01","Leave Module Tests","leave\leave.spec.js","",""
"","5023","@sanity Username Field Visible","webkit","2026-06-01","passed","2026-06-01","Authentication Tests","auth\login.spec.js","",""
"","7674","Verify My Info Menu Visible","firefox","2026-06-01","passed","2026-06-01","My Info Module Tests","myinfo\myinfo.spec.js","",""
"","1","Login Page Visual Validation","webkit","2026-06-01","skipped","2026-06-01","Visual Regression Tests","visual\dashboardVisual.spec.js","",""
"","12150","Verify Cancel Button Visible","chromium","2026-06-01","passed","2026-06-01","Admin Module Tests","admin\admin.spec.js","",""
"","11516","Verify Reset Button Visible","chromium","2026-06-01","passed","2026-06-01","Admin Module Tests","admin\admin.spec.js","",""
"","8586","Verify Leave List Page","firefox","2026-06-01","passed","2026-06-01","Leave Module Tests","leave\leave.spec.js","",""
"","8367","Verify Apply Leave Page","chromium","2026-06-01","passed","2026-06-01","Leave Module Tests","leave\leave.spec.js","",""
"","6504","Verify Dashboard Menu Enabled","webkit","2026-06-01","passed","2026-06-01","Dashboard Module Tests","dashboard\dashboard.spec.js","",""
"","399","Dashboard Visual Validation","firefox","2026-06-01","skipped","2026-06-01","Visual Regression Tests","visual\dashboardVisual.spec.js","",""
"","7735","Verify First Name Enabled","chromium","2026-06-01","passed","2026-06-01","My Info Module Tests","myinfo\myinfo.spec.js","",""
"","7464","Verify Personal Details Header Visible","chromium","2026-06-01","passed","2026-06-01","My Info Module Tests","myinfo\myinfo.spec.js","",""
"","13073","Valid Login","chromium","2026-05-24","passed","2026-05-24","OrangeHRM Login Tests","auth\login.spec.js","",""
"","5007","Admin Menu Visible","chromium","2026-06-01","passed","2026-06-01","Navigation Tests","navigation\navigation.spec.js","",""
"","8767","Verify Table Visible","firefox","2026-06-01","passed","2026-06-01","Recruitment Module Tests","recruitment\recruitment.spec.js","",""
"","7171","Verify Employee Location Widget Visible","firefox","2026-06-01","passed","2026-06-01","Dashboard Module Tests","dashboard\dashboard.spec.js","",""
"","12851","Dashboard Menu Visible","firefox","2026-06-01","passed","2026-06-01","Navigation Tests","navigation\navigation.spec.js","",""
"","14599","Verify System Users Header Visible","firefox","2026-06-01","passed","2026-06-01","Admin Module Tests","admin\admin.spec.js","",""
"","6669","Verify Buzz Widget Exists","webkit","2026-06-01","passed","2026-06-01","Dashboard Module Tests","dashboard\dashboard.spec.js","",""
"","11485","Verify Search Button Visible","chromium","2026-06-01","passed","2026-06-01","Leave Module Tests","leave\leave.spec.js","",""
"","6804","@regression Empty Password","webkit","2026-06-01","passed","2026-06-01","Authentication Tests","auth\login.spec.js","",""
"","17250","@regression Empty Credentials","chromium","2026-06-01","passed","2026-06-01","Authentication Tests","auth\login.spec.js","",""
"","11028","Verify Admin Page Loaded","firefox","2026-06-01","passed","2026-06-01","Admin Module Tests","admin\admin.spec.js","",""
"","10283","Verify My Info Page Loaded","firefox","2026-06-01","passed","2026-06-01","My Info Module Tests","myinfo\myinfo.spec.js","",""
"","7970","Delete Employee","chromium","2026-06-01","passed","2026-06-01","PIM Module Tests","pim\pim.spec.js","",""
"","16399","Verify Add Button Enabled","firefox","2026-06-01","passed","2026-06-01","Admin Module Tests","admin\admin.spec.js","",""
"","16290","Verify Cancel Button Visible","firefox","2026-06-01","passed","2026-06-01","Admin Module Tests","admin\admin.spec.js","",""
"","8321","@smoke Valid Login","firefox","2026-06-01","passed","2026-06-01","Authentication Tests","auth\login.spec.js","",""
"","6968","PIM Menu Visible","chromium","2026-06-01","passed","2026-06-01","Navigation Tests","navigation\navigation.spec.js","",""
"","5186","Dashboard Menu Visible","chromium","2026-06-01","passed","2026-06-01","Navigation Tests","navigation\navigation.spec.js","",""
"","7339","@smoke Valid Login","chromium","2026-06-01","passed","2026-06-01","Authentication Tests","auth\login.spec.js","",""
"","6450","Verify My Actions Widget Exists","webkit","2026-06-01","passed","2026-06-01","Dashboard Module Tests","dashboard\dashboard.spec.js","",""
"","7950","Verify Middle Name Enabled","webkit","2026-06-01","passed","2026-06-01","My Info Module Tests","myinfo\myinfo.spec.js","",""
"","9467","Verify Leave Page Loaded","webkit","2026-06-01","passed","2026-06-01","Leave Module Tests","leave\leave.spec.js","",""
"","9351","Verify Search Button Enabled","firefox","2026-06-01","passed","2026-06-01","Leave Module Tests","leave\leave.spec.js","",""
"","6926","Verify Reset Button Enabled","firefox","2026-06-01","passed","2026-06-01","Recruitment Module Tests","recruitment\recruitment.spec.js","",""
"","7100","Verify Time At Work Widget Visible","firefox","2026-06-01","passed","2026-06-01","Dashboard Module Tests","dashboard\dashboard.spec.js","",""
"","6463","@regression Username With Spaces","firefox","2026-06-01","passed","2026-06-01","Authentication Tests","auth\login.spec.js","",""
"","9266","Verify User Role Dropdown Visible","webkit","2026-06-01","passed","2026-06-01","Admin Module Tests","admin\admin.spec.js","",""
"","9920","Verify Save Button Visible","firefox","2026-06-01","passed","2026-06-01","PIM Module Tests","pim\pim.spec.js","",""
"","9158","Verify Leave Header Visible","webkit","2026-06-01","passed","2026-06-01","Leave Module Tests","leave\leave.spec.js","",""
"","15802","Verify Add User Page Loaded","chromium","2026-06-01","passed","2026-06-01","Admin Module Tests","admin\admin.spec.js","",""
"","14346","Verify Save Button Visible","firefox","2026-06-01","passed","2026-06-01","Admin Module Tests","admin\admin.spec.js","",""
"","6802","Verify Save Button Visible","chromium","2026-06-01","passed","2026-06-01","My Info Module Tests","myinfo\myinfo.spec.js","",""
"","13170","Verify Form Visible","chromium","2026-06-01","passed","2026-06-01","My Info Module Tests","myinfo\myinfo.spec.js","",""
"","8296","Verify My Actions Widget Visible","webkit","2026-06-01","passed","2026-06-01","Dashboard Module Tests","dashboard\dashboard.spec.js","",""
"","14078","Verify Employee Location Widget Visible","chromium","2026-06-01","passed","2026-06-01","Dashboard Module Tests","dashboard\dashboard.spec.js","",""
"","13087","Capture PIM API Requests","chromium","2026-05-23","passed","2026-05-23","API Mocking Tests","api\apiMock.spec.js","",""
"","279","Admin Page Visual Validation","webkit","2026-06-01","skipped","2026-06-01","Visual Regression Tests","visual\dashboardVisual.spec.js","",""
"","8863","Verify Profile Image Visible","firefox","2026-06-01","passed","2026-06-01","My Info Module Tests","myinfo\myinfo.spec.js","",""
"","9359","Reset Employee Search Filters","firefox","2026-06-01","passed","2026-06-01","PIM Module Tests","pim\pim.spec.js","",""
"","15044","Search Invalid Employee","chromium","2026-06-01","passed","2026-06-01","PIM Module Tests","pim\pim.spec.js","",""
"","8676","Verify Candidates Page","firefox","2026-06-01","passed","2026-06-01","Recruitment Module Tests","recruitment\recruitment.spec.js","",""
"","0","Mock Employee API Response","firefox","2026-06-01","skipped","2026-06-01","API Mocking Tests","api\api.spec.js","",""
"","7854","Verify Middle Name Enabled","firefox","2026-06-01","passed","2026-06-01","My Info Module Tests","myinfo\myinfo.spec.js","",""
"","0","Verify Entitlements Page","firefox","2026-06-01","skipped","2026-06-01","Leave Module Tests","leave\leave.spec.js","",""
"","5275","@sanity Forgot Password Link Visible","firefox","2026-06-01","passed","2026-06-01","Authentication Tests","auth\login.spec.js","",""
"","5206","Verify My Info Menu Visible","chromium","2026-06-01","passed","2026-06-01","My Info Module Tests","myinfo\myinfo.spec.js","",""
"","7711","Verify PIM Page Load","firefox","2026-06-01","passed","2026-06-01","PIM Module Tests","pim\pim.spec.js","",""
"","10185","Verify Admin Menu Visible","firefox","2026-06-01","passed","2026-06-01","Admin Module Tests","admin\admin.spec.js","",""
"","8087","Verify Assign Leave Menu Visible","chromium","2026-06-01","passed","2026-06-01","Leave Module Tests","leave\leave.spec.js","",""
"","6241","Verify Quick Launch Widget Visible","chromium","2026-06-01","passed","2026-06-01","Dashboard Module Tests","dashboard\dashboard.spec.js","",""
"","8772","Verify Employee ID Field Visible","firefox","2026-06-01","passed","2026-06-01","My Info Module Tests","myinfo\myinfo.spec.js","",""
"","9256","Verify Dashboard Loaded","webkit","2026-06-01","passed","2026-06-01","Dashboard Module Tests","dashboard\dashboard.spec.js","",""
"","8736","Verify Add Button Enabled","webkit","2026-06-01","passed","2026-06-01","Recruitment Module Tests","recruitment\recruitment.spec.js","",""
"","0","Verify Leave Table Visible","chromium","2026-06-01","skipped","2026-06-01","Leave Module Tests","leave\leave.spec.js","",""
"","12240","Verify Search Button Visible","firefox","2026-06-01","passed","2026-06-01","Admin Module Tests","admin\admin.spec.js","",""
"","5162","Recruitment Menu Visible","chromium","2026-06-01","passed","2026-06-01","Navigation Tests","navigation\navigation.spec.js","",""
"","19623","Verify Employee Name Field Visible","chromium","2026-06-01","passed","2026-06-01","Admin Module Tests","admin\admin.spec.js","",""
"","10347","Valid Login","firefox","2026-05-24","passed","2026-05-24","OrangeHRM Login Tests","auth\login.spec.js","",""
"","6536","Recruitment Menu Visible","firefox","2026-06-01","passed","2026-06-01","Navigation Tests","navigation\navigation.spec.js","",""
"","8169","Verify My Actions Widget Exists","chromium","2026-06-01","passed","2026-06-01","Dashboard Module Tests","dashboard\dashboard.spec.js","",""
"","10781","Verify First Name Required","webkit","2026-06-01","passed","2026-06-01","PIM Module Tests","pim\pim.spec.js","",""
"","8546","Verify Candidates Tab Visible","webkit","2026-06-01","passed","2026-06-01","Recruitment Module Tests","recruitment\recruitment.spec.js","",""
"","6421","Verify Leave Header Visible","chromium","2026-06-01","passed","2026-06-01","Leave Module Tests","leave\leave.spec.js","",""
"","6874","Verify Recruitment Menu Visible","firefox","2026-06-01","passed","2026-06-01","Recruitment Module Tests","recruitment\recruitment.spec.js","",""
"","6914","Verify Reset Button Enabled","chromium","2026-06-01","passed","2026-06-01","Leave Module Tests","leave\leave.spec.js","",""
"","6188","@regression Password With Spaces","firefox","2026-06-01","passed","2026-06-01","Authentication Tests","auth\login.spec.js","",""
"","10566","Verify Leave List Menu Visible","webkit","2026-06-01","passed","2026-06-01","Leave Module Tests","leave\leave.spec.js","",""
"","8367","Verify Form Visible","webkit","2026-06-01","passed","2026-06-01","My Info Module Tests","myinfo\myinfo.spec.js","",""
"","5043","@sanity Login Page Title Validation","webkit","2026-06-01","passed","2026-06-01","Authentication Tests","auth\login.spec.js","",""
"","6914","@regression Username With Spaces","webkit","2026-06-01","passed","2026-06-01","Authentication Tests","auth\login.spec.js","",""
"","16005","Verify Profile Image Visible","chromium","2026-06-01","passed","2026-06-01","My Info Module Tests","myinfo\myinfo.spec.js","",""
"","12892","Verify Employee Location Widget Visible","webkit","2026-06-01","passed","2026-06-01","Dashboard Module Tests","dashboard\dashboard.spec.js","",""
"","9524","Verify Vacancies Page","webkit","2026-06-01","passed","2026-06-01","Recruitment Module Tests","recruitment\recruitment.spec.js","",""
"","11832","@regression Invalid Username","chromium","2026-06-01","passed","2026-06-01","Authentication Tests","auth\login.spec.js","",""
"","13722","Verify Profile Image Visible","webkit","2026-06-01","passed","2026-06-01","My Info Module Tests","myinfo\myinfo.spec.js","",""
"","425","Verify API Returns Status 200","chromium","2026-05-30","failed","2026-05-30","API Mocking Tests","api\api.spec.js","",""
"","10000","@sanity Password Field Visible","firefox","2026-06-01","passed","2026-06-01","Authentication Tests","auth\login.spec.js","",""
"","8116","Verify Form Visible","webkit","2026-06-01","passed","2026-06-01","Recruitment Module Tests","recruitment\recruitment.spec.js","",""
"","8315","Verify Employee ID Enabled","chromium","2026-06-01","passed","2026-06-01","My Info Module Tests","myinfo\myinfo.spec.js","",""
"","11060","Verify Leave Page Loaded","chromium","2026-06-01","passed","2026-06-01","Leave Module Tests","leave\leave.spec.js","",""
"","3672","@regression Empty Password","firefox","2026-06-01","passed","2026-06-01","Authentication Tests","auth\login.spec.js","",""
"","6751","@smoke Valid Login","webkit","2026-06-01","passed","2026-06-01","Authentication Tests","auth\login.spec.js","",""
"","0","Add New Employee","firefox","2026-06-01","skipped","2026-06-01","PIM Module Tests","pim\pim.spec.js","",""
"","7141","Verify Reset Button Visible","chromium","2026-06-01","passed","2026-06-01","Leave Module Tests","leave\leave.spec.js","",""
"","7574","Verify Buzz Widget Exists","chromium","2026-06-01","passed","2026-06-01","Dashboard Module Tests","dashboard\dashboard.spec.js","",""
"","13181","Verify Header Visible","chromium","2026-06-01","passed","2026-06-01","Recruitment Module Tests","recruitment\recruitment.spec.js","",""
"","10056","Verify Employee ID Visible","webkit","2026-06-01","passed","2026-06-01","PIM Module Tests","pim\pim.spec.js","",""
"","5546","@regression Empty Username","webkit","2026-06-01","passed","2026-06-01","Authentication Tests","auth\login.spec.js","",""
"","10803","Cancel Add Employee","firefox","2026-06-01","passed","2026-06-01","PIM Module Tests","pim\pim.spec.js","",""
"","8353","Reset Employee Search Filters","webkit","2026-06-01","passed","2026-06-01","PIM Module Tests","pim\pim.spec.js","",""
"","7288","Verify First Name Field Visible","webkit","2026-06-01","passed","2026-06-01","My Info Module Tests","myinfo\myinfo.spec.js","",""
"","11658","Verify Dashboard API Response","webkit","2026-06-01","passed","2026-06-01","API Mocking Tests","api\api.spec.js","",""
"","12971","Verify Dashboard Loaded","chromium","2026-06-01","passed","2026-06-01","Dashboard Module Tests","dashboard\dashboard.spec.js","",""
"","14837","@regression Invalid Password","firefox","2026-06-01","passed","2026-06-01","Authentication Tests","auth\login.spec.js","",""
"","7925","Verify Save Button Visible","webkit","2026-06-01","passed","2026-06-01","PIM Module Tests","pim\pim.spec.js","",""
"","8972","Verify Save Button Visible","chromium","2026-06-01","passed","2026-06-01","PIM Module Tests","pim\pim.spec.js","",""
"","8807","Verify Add Employee Page Loaded","chromium","2026-06-01","passed","2026-06-01","PIM Module Tests","pim\pim.spec.js","",""
"","7660","Verify Middle Name Enabled","chromium","2026-06-01","passed","2026-06-01","My Info Module Tests","myinfo\myinfo.spec.js","",""
"","8684","Verify Records Table Visible","webkit","2026-06-01","passed","2026-06-01","Admin Module Tests","admin\admin.spec.js","",""
"","12918","Verify My Actions Widget Visible","firefox","2026-06-01","passed","2026-06-01","Dashboard Module Tests","dashboard\dashboard.spec.js","",""
"","9602","Verify Table Visible","chromium","2026-06-01","passed","2026-06-01","Recruitment Module Tests","recruitment\recruitment.spec.js","",""
"","8959","Verify Recruitment Page Loaded","webkit","2026-06-01","passed","2026-06-01","Recruitment Module Tests","recruitment\recruitment.spec.js","",""
"","8502","Verify Employee ID Enabled","firefox","2026-06-01","passed","2026-06-01","My Info Module Tests","myinfo\myinfo.spec.js","",""
"","5912","Verify Buzz Widget Visible","firefox","2026-06-01","passed","2026-06-01","Dashboard Module Tests","dashboard\dashboard.spec.js","",""
"","9873","Verify Leave List Page","chromium","2026-06-01","passed","2026-06-01","Leave Module Tests","leave\leave.spec.js","",""
"","6859","Verify Form Visible","chromium","2026-06-01","passed","2026-06-01","Recruitment Module Tests","recruitment\recruitment.spec.js","",""
"","11492","Verify Leave List Page","webkit","2026-06-01","passed","2026-06-01","Leave Module Tests","leave\leave.spec.js","",""
"","304","Admin Page Visual Validation","firefox","2026-06-01","skipped","2026-06-01","Visual Regression Tests","visual\dashboardVisual.spec.js","",""
"","8500","Leave Menu Visible","firefox","2026-06-01","passed","2026-06-01","Navigation Tests","navigation\navigation.spec.js","",""
"","6375","Verify Time At Work Widget Exists","webkit","2026-06-01","passed","2026-06-01","Dashboard Module Tests","dashboard\dashboard.spec.js","",""
"","7507","Verify Quick Launch Widget Visible","firefox","2026-06-01","passed","2026-06-01","Dashboard Module Tests","dashboard\dashboard.spec.js","",""
"","15514","Verify Add Button Visible","chromium","2026-06-01","passed","2026-06-01","Admin Module Tests","admin\admin.spec.js","",""
"","4573","@sanity Password Mask Validation","webkit","2026-06-01","passed","2026-06-01","Authentication Tests","auth\login.spec.js","",""
"","9209","Search Invalid Employee","firefox","2026-06-01","passed","2026-06-01","PIM Module Tests","pim\pim.spec.js","",""
"","8022","Verify Save Button Enabled","chromium","2026-06-01","passed","2026-06-01","My Info Module Tests","myinfo\myinfo.spec.js","",""
"","19249","Mock Dashboard Widget API","firefox","2026-06-01","passed","2026-06-01","API Mocking Tests","api\api.spec.js","",""
"","13369","Verify Search Button Visible","firefox","2026-06-01","passed","2026-06-01","Leave Module Tests","leave\leave.spec.js","",""
"","12490","Verify Add User Page Loaded","firefox","2026-06-01","passed","2026-06-01","Admin Module Tests","admin\admin.spec.js","",""
"","7617","@regression Username With Spaces","chromium","2026-06-01","passed","2026-06-01","Authentication Tests","auth\login.spec.js","",""
"","7694","Invalid Login","webkit","2026-05-24","passed","2026-05-24","OrangeHRM Login Tests","auth\login.spec.js","",""
"","8115","Verify Form Visible","firefox","2026-06-01","passed","2026-06-01","Recruitment Module Tests","recruitment\recruitment.spec.js","",""
"","10058","Verify Candidates Page","webkit","2026-06-01","passed","2026-06-01","Recruitment Module Tests","recruitment\recruitment.spec.js","",""
"","20302","Verify Time At Work Widget Exists","chromium","2026-06-01","passed","2026-06-01","Dashboard Module Tests","dashboard\dashboard.spec.js","",""
"","11617","Verify Candidates Page","chromium","2026-06-01","passed","2026-06-01","Recruitment Module Tests","recruitment\recruitment.spec.js","",""
"","6810","Verify Leave List Menu Visible","chromium","2026-06-01","passed","2026-06-01","Leave Module Tests","leave\leave.spec.js","",""
"","7296","Verify Personal Details Header Visible","webkit","2026-06-01","passed","2026-06-01","My Info Module Tests","myinfo\myinfo.spec.js","",""
"","10603","Verify First Name Required","firefox","2026-06-01","passed","2026-06-01","PIM Module Tests","pim\pim.spec.js","",""
"","9193","Verify Reset Button Visible","chromium","2026-06-01","passed","2026-06-01","PIM Module Tests","pim\pim.spec.js","",""
"","13219","Verify Admin Menu Visible","chromium","2026-06-01","passed","2026-06-01","Admin Module Tests","admin\admin.spec.js","",""
"","6463","Verify Quick Launch Widget Exists","firefox","2026-06-01","passed","2026-06-01","Dashboard Module Tests","dashboard\dashboard.spec.js","",""
"","8572","Verify Vacancies Tab Visible","firefox","2026-06-01","passed","2026-06-01","Recruitment Module Tests","recruitment\recruitment.spec.js","",""
"","8896","Verify Recruitment Page Loaded","firefox","2026-06-01","passed","2026-06-01","Recruitment Module Tests","recruitment\recruitment.spec.js","",""
"","4397","@regression Empty Credentials","firefox","2026-06-01","passed","2026-06-01","Authentication Tests","auth\login.spec.js","",""
"","7396","PIM Menu Visible","firefox","2026-06-01","passed","2026-06-01","Navigation Tests","navigation\navigation.spec.js","",""
"","2133","get started link","webkit","2026-05-24","passed","2026-05-24","","example.spec.js","",""
"","9286","Verify Cancel Button Visible","chromium","2026-06-01","passed","2026-06-01","PIM Module Tests","pim\pim.spec.js","",""
"","14126","Search Employee In Table","chromium","2026-06-01","passed","2026-06-01","PIM Module Tests","pim\pim.spec.js","",""
"","8499","Verify Vacancies Tab Visible","webkit","2026-06-01","passed","2026-06-01","Recruitment Module Tests","recruitment\recruitment.spec.js","",""
"","7723","Validate Employee Table Count","webkit","2026-06-01","passed","2026-06-01","PIM Module Tests","pim\pim.spec.js","",""
"","9865","Verify Leave Menu Enabled","firefox","2026-06-01","passed","2026-06-01","Leave Module Tests","leave\leave.spec.js","",""
"","6573","Verify First Name Field Visible","chromium","2026-06-01","passed","2026-06-01","My Info Module Tests","myinfo\myinfo.spec.js","",""
"","12766","Verify Employee API Request Sent","firefox","2026-06-01","passed","2026-06-01","API Mocking Tests","api\api.spec.js","",""
"","8758","@sanity Username Field Visible","firefox","2026-06-01","passed","2026-06-01","Authentication Tests","auth\login.spec.js","",""
"","9175","Verify My Info Menu Visible","webkit","2026-06-01","passed","2026-06-01","My Info Module Tests","myinfo\myinfo.spec.js","",""
"","7968","Verify Search Button Enabled","chromium","2026-06-01","passed","2026-06-01","Leave Module Tests","leave\leave.spec.js","",""
"","8797","Verify Add Employee Button Visible","webkit","2026-06-01","passed","2026-06-01","PIM Module Tests","pim\pim.spec.js","",""
"","7349","My Info Menu Visible","firefox","2026-06-01","passed","2026-06-01","Navigation Tests","navigation\navigation.spec.js","",""
"","6637","Verify Quick Launch Widget Visible","webkit","2026-06-01","passed","2026-06-01","Dashboard Module Tests","dashboard\dashboard.spec.js","",""
"","10385","Edit Employee Details","chromium","2026-06-01","passed","2026-06-01","PIM Module Tests","pim\pim.spec.js","",""
"","8820","Verify Add User Page Loaded","webkit","2026-06-01","passed","2026-06-01","Admin Module Tests","admin\admin.spec.js","",""
"","11472","Verify Apply Leave Page","firefox","2026-06-01","passed","2026-06-01","Leave Module Tests","leave\leave.spec.js","",""
"","7066","Verify Middle Name Field Visible","webkit","2026-06-01","passed","2026-06-01","My Info Module Tests","myinfo\myinfo.spec.js","",""
"","31602","Verify Personal Details Page","chromium","2026-05-29","failed","2026-05-29","PIM Module Tests","pim\pim.spec.js","",""
"","13198","Verify Personal Details Header Visible","firefox","2026-06-01","passed","2026-06-01","My Info Module Tests","myinfo\myinfo.spec.js","",""
"","6543","Verify Admin Menu Visible","webkit","2026-06-01","passed","2026-06-01","Admin Module Tests","admin\admin.spec.js","",""
"","4105","@sanity Login Button Visible","firefox","2026-06-01","passed","2026-06-01","Authentication Tests","auth\login.spec.js","",""
"","5206","@sanity Forgot Password Link Visible","chromium","2026-06-01","passed","2026-06-01","Authentication Tests","auth\login.spec.js","",""
"","6611","PIM Menu Visible","webkit","2026-06-01","passed","2026-06-01","Navigation Tests","navigation\navigation.spec.js","",""
"","7799","Verify System Users Header Visible","webkit","2026-06-01","passed","2026-06-01","Admin Module Tests","admin\admin.spec.js","",""
"","9553","Search Empty Employee","chromium","2026-06-01","passed","2026-06-01","PIM Module Tests","pim\pim.spec.js","",""
"","14925","Verify Dashboard Menu Enabled","chromium","2026-06-01","passed","2026-06-01","Dashboard Module Tests","dashboard\dashboard.spec.js","",""
"","10453","Verify Reset Button Enabled","firefox","2026-06-01","passed","2026-06-01","Leave Module Tests","leave\leave.spec.js","",""
"","23976","Verify Admin Page Loaded","chromium","2026-06-01","passed","2026-06-01","Admin Module Tests","admin\admin.spec.js","",""
"","1","Mock Employee API Response","chromium","2026-06-01","skipped","2026-06-01","API Mocking Tests","api\api.spec.js","",""
"","7423","Verify Leave Menu Visible","chromium","2026-06-01","passed","2026-06-01","Leave Module Tests","leave\leave.spec.js","",""
"","7998","Verify Reset Button Visible","firefox","2026-06-01","passed","2026-06-01","Leave Module Tests","leave\leave.spec.js","",""
"","21098","Verify Search Button Visible","chromium","2026-06-01","passed","2026-06-01","Recruitment Module Tests","recruitment\recruitment.spec.js","",""
"","539","Verify API Returns 404","chromium","2026-05-30","failed","2026-05-30","API Mocking Tests","api\api.spec.js","",""
"","7986","Verify Add Button Enabled","firefox","2026-06-01","passed","2026-06-01","Recruitment Module Tests","recruitment\recruitment.spec.js","",""
"","11852","PIM Page Visual Validation","chromium","2026-06-01","passed","2026-06-01","Visual Regression Tests","visual\dashboardVisual.spec.js","",""
"","7845","Valid Login","webkit","2026-05-24","passed","2026-05-24","OrangeHRM Login Tests","auth\login.spec.js","",""
"","18244","Verify Employee Name Field Visible","firefox","2026-06-01","passed","2026-06-01","Admin Module Tests","admin\admin.spec.js","",""
"","7806","Reset Employee Search Filters","chromium","2026-06-01","passed","2026-06-01","PIM Module Tests","pim\pim.spec.js","",""
"","9124","Verify Save Button Visible","webkit","2026-06-01","passed","2026-06-01","Admin Module Tests","admin\admin.spec.js","",""
"","1","Login Page Visual Validation","chromium","2026-06-01","skipped","2026-06-01","Visual Regression Tests","visual\dashboardVisual.spec.js","",""
"","10401","Search Empty Employee","firefox","2026-06-01","passed","2026-06-01","PIM Module Tests","pim\pim.spec.js","",""
"","5728","Admin Menu Visible","webkit","2026-06-01","passed","2026-06-01","Navigation Tests","navigation\navigation.spec.js","",""
"","8886","Verify Candidates Tab Visible","chromium","2026-06-01","passed","2026-06-01","Recruitment Module Tests","recruitment\recruitment.spec.js","",""
"","11846","Verify Search Button Visible","webkit","2026-06-01","passed","2026-06-01","Recruitment Module Tests","recruitment\recruitment.spec.js","",""
"","7000","Verify Middle Name Field Visible","firefox","2026-06-01","passed","2026-06-01","My Info Module Tests","myinfo\myinfo.spec.js","",""
"","376","Verify API Returns Status 200","firefox","2026-05-30","failed","2026-05-30","API Mocking Tests","api\api.spec.js","",""
"","7609","Verify Candidates Tab Visible","firefox","2026-06-01","passed","2026-06-01","Recruitment Module Tests","recruitment\recruitment.spec.js","",""
"","7809","Verify Search Button Enabled","firefox","2026-06-01","passed","2026-06-01","Recruitment Module Tests","recruitment\recruitment.spec.js","",""
"","5606","@sanity Login Button Visible","chromium","2026-06-01","passed","2026-06-01","Authentication Tests","auth\login.spec.js","",""
"","9316","Verify Search Button Visible","webkit","2026-06-01","passed","2026-06-01","Admin Module Tests","admin\admin.spec.js","",""
"","7491","@sanity Password Field Visible","chromium","2026-06-01","passed","2026-06-01","Authentication Tests","auth\login.spec.js","",""
"","1","Login Page Visual Validation","firefox","2026-06-01","skipped","2026-06-01","Visual Regression Tests","visual\dashboardVisual.spec.js","",""
"","12612","Verify Reset Button Visible","webkit","2026-06-01","passed","2026-06-01","PIM Module Tests","pim\pim.spec.js","",""
"","5529","Verify Employees On Leave Widget Visible","chromium","2026-06-01","passed","2026-06-01","Dashboard Module Tests","dashboard\dashboard.spec.js","",""
"","9161","My Info Menu Visible","webkit","2026-06-01","passed","2026-06-01","Navigation Tests","navigation\navigation.spec.js","",""
"","6339","Verify Dashboard Menu Enabled","firefox","2026-06-01","passed","2026-06-01","Dashboard Module Tests","dashboard\dashboard.spec.js","",""
"","0","Add New Employee","webkit","2026-06-01","skipped","2026-06-01","PIM Module Tests","pim\pim.spec.js","",""
"","10934","Verify Time At Work Widget Visible","chromium","2026-06-01","passed","2026-06-01","Dashboard Module Tests","dashboard\dashboard.spec.js","",""
"","11041","Verify First Name Required","chromium","2026-06-01","passed","2026-06-01","PIM Module Tests","pim\pim.spec.js","",""
"","6375","@sanity Forgot Password Link Visible","webkit","2026-06-01","passed","2026-06-01","Authentication Tests","auth\login.spec.js","",""
"","1","Verify Entitlements Page","webkit","2026-06-01","skipped","2026-06-01","Leave Module Tests","leave\leave.spec.js","",""
"","6321","Verify Leave Menu Enabled","webkit","2026-06-01","passed","2026-06-01","Leave Module Tests","leave\leave.spec.js","",""
"","0","Verify Leave Table Visible","webkit","2026-06-01","skipped","2026-06-01","Leave Module Tests","leave\leave.spec.js","",""
"","9055","@sanity Login Page Title Validation","firefox","2026-06-01","passed","2026-06-01","Authentication Tests","auth\login.spec.js","",""
"","7760","@regression Empty Password","chromium","2026-06-01","passed","2026-06-01","Authentication Tests","auth\login.spec.js","",""
"","9509","Verify Employee ID Field Visible","webkit","2026-06-01","passed","2026-06-01","My Info Module Tests","myinfo\myinfo.spec.js","",""
"","10019","Verify Reset Button Visible","webkit","2026-06-01","passed","2026-06-01","Admin Module Tests","admin\admin.spec.js","",""
"","35366","Intercept PIM Employee API","chromium","2026-06-01","passed","2026-06-01","API Mocking Tests","api\api.spec.js","",""
"","19735","Invalid Login","firefox","2026-05-24","failed","2026-05-24","OrangeHRM Login Tests","auth\login.spec.js","",""
"","5995","Admin Menu Visible","firefox","2026-06-01","passed","2026-06-01","Navigation Tests","navigation\navigation.spec.js","",""
"","32589","Mock Employee API Response","chromium","2026-05-24","broken","2026-05-24","API Mocking Tests","api\apiMock.spec.js","",""
"","9505","Verify Employee Distribution Widget Visible","webkit","2026-06-01","passed","2026-06-01","Dashboard Module Tests","dashboard\dashboard.spec.js","",""
"","7718","Verify Last Name Enabled","chromium","2026-06-01","passed","2026-06-01","My Info Module Tests","myinfo\myinfo.spec.js","",""
"","6210","Verify Dashboard Menu Visible","webkit","2026-06-01","passed","2026-06-01","Dashboard Module Tests","dashboard\dashboard.spec.js","",""
"","9016","Verify Search Form Visible","webkit","2026-06-01","passed","2026-06-01","Admin Module Tests","admin\admin.spec.js","",""
"","11286","Upload Employee Profile Image","chromium","2026-06-01","passed","2026-06-01","PIM Module Tests","pim\pim.spec.js","",""
"","7885","Verify Leave Menu Visible","firefox","2026-06-01","passed","2026-06-01","Leave Module Tests","leave\leave.spec.js","",""
"","7983","@sanity Login Page Title Validation","chromium","2026-06-01","passed","2026-06-01","Authentication Tests","auth\login.spec.js","",""
"","9490","Mock Dashboard Widget API","webkit","2026-06-01","passed","2026-06-01","API Mocking Tests","api\api.spec.js","",""
"","6180","Verify Recruitment Page Loaded","chromium","2026-06-01","passed","2026-06-01","Recruitment Module Tests","recruitment\recruitment.spec.js","",""
"","8475","Verify Employees On Leave Widget Visible","firefox","2026-06-01","passed","2026-06-01","Dashboard Module Tests","dashboard\dashboard.spec.js","",""
"","27063","Verify Dashboard API Response","chromium","2026-06-01","passed","2026-06-01","API Mocking Tests","api\api.spec.js","",""
"","11402","Edit Employee Details","firefox","2026-06-01","passed","2026-06-01","PIM Module Tests","pim\pim.spec.js","",""
"","18771","Verify Save Button Visible","chromium","2026-06-01","passed","2026-06-01","Admin Module Tests","admin\admin.spec.js","",""
"","6093","Verify Employee ID Field Visible","chromium","2026-06-01","passed","2026-06-01","My Info Module Tests","myinfo\myinfo.spec.js","",""
"","10582","Intercept PIM Employee API","webkit","2026-06-01","passed","2026-06-01","API Mocking Tests","api\api.spec.js","",""
"","9224","Verify Add Employee Button Visible","chromium","2026-06-01","passed","2026-06-01","PIM Module Tests","pim\pim.spec.js","",""
"","11188","Verify Search Form Visible","firefox","2026-06-01","passed","2026-06-01","Admin Module Tests","admin\admin.spec.js","",""
"","15000","Verify Records Table Visible","chromium","2026-06-01","passed","2026-06-01","Admin Module Tests","admin\admin.spec.js","",""
"","292","PIM Page Visual Validation","firefox","2026-06-01","skipped","2026-06-01","Visual Regression Tests","visual\dashboardVisual.spec.js","",""
"","3475","get started link","firefox","2026-05-24","passed","2026-05-24","","example.spec.js","",""
"","17960","Search Employee In Table","webkit","2026-06-01","passed","2026-06-01","PIM Module Tests","pim\pim.spec.js","",""
"","1","Mock Employee API Response","webkit","2026-06-01","skipped","2026-06-01","API Mocking Tests","api\api.spec.js","",""
"","35436","Mock Employee API Response","firefox","2026-05-24","broken","2026-05-24","API Mocking Tests","api\apiMock.spec.js","",""
"","5837","Dashboard Visual Validation","chromium","2026-06-01","passed","2026-06-01","Visual Regression Tests","visual\dashboardVisual.spec.js","",""
"","6343","Verify Employees On Leave Widget Visible","webkit","2026-06-01","passed","2026-06-01","Dashboard Module Tests","dashboard\dashboard.spec.js","",""
"","20162","Verify Add Employee Button Visible","firefox","2026-06-01","passed","2026-06-01","PIM Module Tests","pim\pim.spec.js","",""
"","6289","Verify Apply Menu Visible","chromium","2026-06-01","passed","2026-06-01","Leave Module Tests","leave\leave.spec.js","",""
"","7324","Verify Reset Button Enabled","webkit","2026-06-01","passed","2026-06-01","Leave Module Tests","leave\leave.spec.js","",""
"","7655","Verify Form Visible","firefox","2026-06-01","passed","2026-06-01","My Info Module Tests","myinfo\myinfo.spec.js","",""
"","9570","Verify Reset Button Visible","firefox","2026-06-01","passed","2026-06-01","PIM Module Tests","pim\pim.spec.js","",""
"","6512","Verify Leave Menu Visible","webkit","2026-06-01","passed","2026-06-01","Leave Module Tests","leave\leave.spec.js","",""
"","5710","Verify My Actions Widget Visible","chromium","2026-06-01","passed","2026-06-01","Dashboard Module Tests","dashboard\dashboard.spec.js","",""
"","8034","Verify Add Button Visible","firefox","2026-06-01","passed","2026-06-01","Recruitment Module Tests","recruitment\recruitment.spec.js","",""
"","7107","Verify Header Visible","firefox","2026-06-01","passed","2026-06-01","Recruitment Module Tests","recruitment\recruitment.spec.js","",""
"","10181","Verify Assign Leave Page","firefox","2026-06-01","passed","2026-06-01","Leave Module Tests","leave\leave.spec.js","",""
"","6987","Verify Username Field Visible","webkit","2026-06-01","passed","2026-06-01","Admin Module Tests","admin\admin.spec.js","",""
"","5865","Verify Add Button Visible","chromium","2026-06-01","passed","2026-06-01","Recruitment Module Tests","recruitment\recruitment.spec.js","",""
"","42245","Search Employee By ID","chromium","2026-05-29","failed","2026-05-29","PIM Module Tests","pim\pim.spec.js","",""
"","8194","Verify Leave Header Visible","firefox","2026-06-01","passed","2026-06-01","Leave Module Tests","leave\leave.spec.js","",""
"","29736","Verify Dashboard API Response","firefox","2026-06-01","passed","2026-06-01","API Mocking Tests","api\api.spec.js","",""
"","5932","Verify Time At Work Widget Exists","firefox","2026-06-01","passed","2026-06-01","Dashboard Module Tests","dashboard\dashboard.spec.js","",""
"","11088","Verify System Users Header Visible","chromium","2026-06-01","passed","2026-06-01","Admin Module Tests","admin\admin.spec.js","",""
"","0","Verify Leave Table Visible","firefox","2026-06-01","skipped","2026-06-01","Leave Module Tests","leave\leave.spec.js","",""
"","18523","Verify Reset Button Visible","webkit","2026-06-01","passed","2026-06-01","Recruitment Module Tests","recruitment\recruitment.spec.js","",""
"","8298","Recruitment Menu Visible","webkit","2026-06-01","passed","2026-06-01","Navigation Tests","navigation\navigation.spec.js","",""
"","9546","Verify Employee Name Field Visible","webkit","2026-06-01","passed","2026-06-01","Admin Module Tests","admin\admin.spec.js","",""
"","6432","Admin Page Visual Validation","chromium","2026-06-01","passed","2026-06-01","Visual Regression Tests","visual\dashboardVisual.spec.js","",""
"","9492","Verify Header Visible","webkit","2026-06-01","passed","2026-06-01","Recruitment Module Tests","recruitment\recruitment.spec.js","",""
"","308","Leave Page Visual Validation","webkit","2026-06-01","skipped","2026-06-01","Visual Regression Tests","visual\dashboardVisual.spec.js","",""
"","3850","@regression Empty Username","firefox","2026-06-01","passed","2026-06-01","Authentication Tests","auth\login.spec.js","",""
"","7273","Verify Employee ID Enabled","webkit","2026-06-01","passed","2026-06-01","My Info Module Tests","myinfo\myinfo.spec.js","",""
"","6034","@regression Invalid Username","firefox","2026-06-01","passed","2026-06-01","Authentication Tests","auth\login.spec.js","",""
"","10185","Verify Dashboard Header Visible","webkit","2026-06-01","passed","2026-06-01","Dashboard Module Tests","dashboard\dashboard.spec.js","",""
"","0","Verify My Leave Page","firefox","2026-06-01","skipped","2026-06-01","Leave Module Tests","leave\leave.spec.js","",""
"","7159","Verify Buzz Widget Visible","webkit","2026-06-01","passed","2026-06-01","Dashboard Module Tests","dashboard\dashboard.spec.js","",""
"","8410","Verify First Name Enabled","webkit","2026-06-01","passed","2026-06-01","My Info Module Tests","myinfo\myinfo.spec.js","",""
"","7610","Verify Search Button Enabled","chromium","2026-06-01","passed","2026-06-01","Recruitment Module Tests","recruitment\recruitment.spec.js","",""
